6202호 지금 무슨 수업중이야?,1
6202호 오늘 무슨 수업해?,1
6202호 내일 무슨 수업해?,1
6203호 지금 무슨 수업중이야?,1
6203호 오늘 무슨 수업해?,1
6203호 내일 무슨 수업해?,1
6409호 지금 무슨 수업중이야?,1
6409호 오늘 무슨 수업해?,1
6409호 내일 무슨 수업해?,1
6514호 지금 무슨 수업중이야?,1
6514호 오늘 무슨 수업해?,1
6514호 내일 무슨 수업해?,1
6515호 지금 무슨 수업중이야?,1
6515호 오늘 무슨 수업해?,1
6515호 내일 무슨 수업해?,1
6516호 지금 무슨 수업중이야?,1
6516호 오늘 무슨 수업해?,1
6516호 내일 무슨 수업해?,1
6202호 지금 어떤 수업이 있어?,1
6202호 오늘 어떤 수업이 있어?,1
6202호 내일 어떤 수업이 있어?,1
6203호 지금 어떤 수업이 있어?,1
6203호 오늘 어떤 수업이 있어?,1
6203호 내일 어떤 수업이 있어?,1
6409호 지금 어떤 수업이 있어?,1
6409호 오늘 어떤 수업이 있어?,1
6409호 내일 어떤 수업이 있어?,1
6514호 지금 어떤 수업이 있어?,1
6514호 오늘 어떤 수업이 있어?,1
6514호 내일 어떤 수업이 있어?,1
6515호 지금 어떤 수업이 있어?,1
6515호 오늘 어떤 수업이 있어?,1
6515호 내일 어떤 수업이 있어?,1
6516호 지금 어떤 수업이 있어?,1
6516호 오늘 어떤 수업이 있어?,1
6516호 내일 어떤 수업이 있어?,1
정상화 교수님 어떤 과목 수업하셔?,1
류광렬 교수님 어떤 과목 수업하셔?,1
홍봉희 교수님 어떤 과목 수업하셔?,1
최윤호 교수님 어떤 과목 수업하셔?,1
감진규 교수님 어떤 과목 수업하셔?,1
우균 교수님 어떤 과목 수업하셔?,1
이기준 교수님 어떤 과목 수업하셔?,1
탁성우 교수님 어떤 과목 수업하셔?,1
염근혁 교수님 어떤 과목 수업하셔?,1
송길태 교수님 어떤 과목 수업하셔?,1