임베디드시스템 수업 언제 시작해?,0
임베디드시스템 오늘 수업해?,0
임베디드시스템 내일 수업해?,0
임베디드시스템 수업 지금 있어?,0
AI프로그래밍 수업 언제 시작해?,0
AI프로그래밍 오늘 수업해?,0
AI프로그래밍 내일 수업해?,0
AI프로그래밍 수업 지금 있어?,0
자료구조 수업 언제 시작해?,0
자료구조 오늘 수업해?,0
자료구조 내일 수업해?,0
자료구조 수업 지금 있어?,0
네트워크보안 수업 언제 시작해?,0
네트워크보안 오늘 수업해?,0
네트워크보안 내일 수업해?,0
네트워크보안 수업 지금 있어?,0
인공지능 수업 언제 시작해?,0
인공지능 오늘 수업해?,0
인공지능 내일 수업해?,0
인공지능 수업 지금 있어?,0
컴파일러 수업 언제 시작해?,0
컴파일러 오늘 수업해?,0
컴파일러 내일 수업해?,0
컴파일러 수업 지금 있어?,0
데이터베이스 수업 언제 시작해?,0
데이터베이스 오늘 수업해?,0
데이터베이스 내일 수업해?,0
데이터베이스 수업 지금 있어?,0
컴퓨터네트워크 수업 언제 시작해?,0
컴퓨터네트워크 오늘 수업해?,0
컴퓨터네트워크 내일 수업해?,0
컴퓨터네트워크 수업 지금 있어?,0
소프트웨어공학 수업 언제 시작해?,0
소프트웨어공학 오늘 수업해?,0
소프트웨어공학 내일 수업해?,0
소프트웨어공학 수업 지금 있어?,0
데이터마이닝 수업 언제 시작해?,0
데이터마이닝 오늘 수업해?,0
데이터마이닝 내일 수업해?,0
데이터마이닝 수업 지금 있어?,0
정상화 교수님 지금 수업하셔?,0
정상화 교수님 오늘 수업하셔?,0
정상화 교수님 내일 수업하셔?,0
정상화 교수님 언제 수업하셔?,0
류광렬 교수님 지금 수업하셔?,0
류광렬 교수님 오늘 수업하셔?,0
류광렬 교수님 내일 수업하셔?,0
류광렬 교수님 언제 수업하셔?,0
홍봉희 교수님 지금 수업하셔?,0
홍봉희 교수님 오늘 수업하셔?,0
홍봉희 교수님 내일 수업하셔?,0
홍봉희 교수님 언제 수업하셔?,0
최윤호 교수님 지금 수업하셔?,0
최윤호 교수님 오늘 수업하셔?,0
최윤호 교수님 내일 수업하셔?,0
최윤호 교수님 언제 수업하셔?,0
감진규 교수님 지금 수업하셔?,0
감진규 교수님 오늘 수업하셔?,0
감진규 교수님 내일 수업하셔?,0
감진규 교수님 언제 수업하셔?,0
우균 교수님 지금 수업하셔?,0
우균 교수님 오늘 수업하셔?,0
우균 교수님 내일 수업하셔?,0
우균 교수님 언제 수업하셔?,0
이기준 교수님 지금 수업하셔?,0
이기준 교수님 오늘 수업하셔?,0
이기준 교수님 내일 수업하셔?,0
이기준 교수님 언제 수업하셔?,0
탁성우 교수님 지금 수업하셔?,0
탁성우 교수님 오늘 수업하셔?,0
탁성우 교수님 내일 수업하셔?,0
탁성우 교수님 언제 수업하셔?,0
염근혁 교수님 지금 수업하셔?,0
염근혁 교수님 오늘 수업하셔?,0
염근혁 교수님 내일 수업하셔?,0
염근혁 교수님 언제 수업하셔?,0
송길태 교수님 지금 수업하셔?,0
송길태 교수님 오늘 수업하셔?,0
송길태 교수님 내일 수업하셔?,0
송길태 교수님 언제 수업하셔?,0